Planet,Grid,Sector,Region
A-Foroon,R16,Arkanis,Outer Rim
Aaeton,K9,,Core
Aargau,L10,,Core
Aargonar,Q7,Perkell,Mid Rim
Abafar,N5,Sprizen,Outer Rim
Abbaji,H16,Zuma,Outer Rim
Abhean,R7,Maldrood,Mid Rim
Abo Dreth,S3,Corporate Sector,Outer Rim
Abraxas,K17,Yushan,Mid Rim
Abregado-rae,K13,,Core
Abridon,J18,Koradin,Outer Rim
Absit,I19,Tunka,Outer Rim
Adari,M9,Adari,Inner Rim
Adarlon,M20,Minos,Outer Rim
Adin,M7,Lostar,Expansion Region
Adoris,L17,Senex,Mid Rim
Aduba,U11,Bheriz,Outer Rim
Adumar,J6,,Wild Space
Aeneid,T10,Kessel,Outer Rim
Aeten,J6,,Wild Space
Af'El,S8,Periphery,Outer Rim
Affa,M13,,Inner Rim
Affavan,S12,Hutt Space,Hutt Space
Agamar,M5,Lahara,Outer Rim
Agon,T7,Ash Worlds,Outer Rim
Aguarl,N15,Mbandamonte,Expansion Region
Ahakista,K3,Myto,Outer Rim
Ahch-To,E13,,Unknown Regions
Aikhibba,P13,Fel Hu,Mid Rim
Ailon,N12,,Inner Rim
Akrit'tar,T9,Calaron,Outer Rim
Akuria,M5,Oplovis,Outer Rim
Alakatha,M16,Var Hagen,Mid Rim
Alashan,J5,,Wild Space
Alassa Major,O16,Vilonis,Mid Rim
Alderaan,M10,,Core
Aldraig,M10,,Core
Alee,R9,Hutt Space,Hutt Space
Aleen,L7,Bright Jewel,Mid Rim
Algara,P15,Corweillian,Mid Rim
Algarian,Q15,Dufilvian,Mid Rim
Algnadesh,O9,Hapes Cluster,Inner Rim
Algor,S6,Cronese Mandate,Outer Rim
Alland,K10,,Core
Allanteen,O14,Tynna,Expansion Region
Allyuen,K18,Anoat,Outer Rim
Almania,S5,Mortex,Outer Rim
Alpheridies,O8,Farstey,Expansion Region
Alsakan,L9,,Core
Altier,O13,Altier,Expansion Region
Altor,U13,Zoraster,Outer Rim
Altratonne,S7,Ash Worlds,Outer Rim
Alui,O17,Alui,Mid Rim
Alzoc,P19,Sujimis,Outer Rim
Amarin,S6,Allied Tion,Outer Rim
Ambria,O10,Airon,Inner Rim
Ammuud,S4,Corporate Sector,Outer Rim
Anantapar,K18,Yarith,Outer Rim
Anaxes,L9,,Core
Andalasa,P18,Cor'ric,Outer Rim
Andalia,O9,Hapes Cluster,Inner Rim
Andara,L13,,Core
Andelm IV,Q19,Svivreni,Outer Rim
Ando,Q15,Lambda,Mid Rim
Andooweel,R16,Arkanis,Outer Rim
Andosha,P15,Lambda,Mid Rim
Anemcoro,K5,Albarrio,Outer Rim
Angor,K4,Myto,Outer Rim
Angratha,L18,Senex,Mid Rim
Ank Kit'aar,O15,Druess,Mid Rim
Ankus,I7,Freestanding Subsectors,Mid Rim
Annaj,H16,Moddell,Outer Rim
Anoat,K18,Anoat,Outer Rim
Anobis,L7,Bright Jewel,Mid Rim
Anorelga,K3,Braxant,Outer Rim
Anoth,J20,,Wild Space
Ansion,I6,Churnis,Mid Rim
Anstares,L17,Juvex,Mid Rim
Antar,N12,,Inner Rim
Anteevy,P7,Esuain,Mid Rim
Antemeridias,R7,Antemeridian,Outer Rim
Antipose,U8,Centrality,Outer Rim
Antiquity,L18,Senex,Mid Rim
Anturus,L18,Senex,Mid Rim
Anx Minor,L4,Raioballo,Outer Rim
Anzat,R7,Bryx,Mid Rim
Apatros,Q16,Savareen,Outer Rim
Aphran,K8,,Inner Rim
Aquaris,N7,Sumitra,Expansion Region
Aquella,L17,Senex,Mid Rim
Aquilae,N12,,Colonies
Arabanth,O9,Hapes Cluster,Inner Rim
Aradia,K10,,Core
Arami,T13,Galov,Outer Rim
Arat Fraca,M12,,Colonies
Arbra,N17,Bon'nyuw-Luq,Outer Rim
Arcan,R6,Thanium,Outer Rim
Archais,O9,Hapes Cluster,Inner Rim
Arda,Q6,Gordian Reach,Outer Rim
Argai,S6,Cronese Mandate,Outer Rim
Argai Minor,M9,,Colonies
Argazda,N4,Kanz,Outer Rim
Argovia,S14,Endocray,Mid Rim
Argus,P16,Lambda,Mid Rim
Aridus,O14,Narvath,Expansion Region
Aris,K5,Albarrio,Outer Rim
Arkam,M14,,Inner Rim
Arkania,M8,,Colonies
Arkanis,R17,Arkanis,Outer Rim
Arkuda,Q6,Gordian Reach,Outer Rim
Arleen,T8,Centrality,Outer Rim
Arporatal-Lanin,K18,Juvex,Mid Rim
Arrgaw,N16,Kira,Expansion Region
Artesia,P11,Hangshan,Expansion Region
Aruza,I14,Freestanding Subsectors,Expansion Region
Asation,K3,Gree,Outer Rim
Ashas Ree,R5,Sith Worlds,Outer Rim
Askaj,M20,Subterrel,Outer Rim
Asmeru,L17,Senex,Mid Rim
Asmeru Anomaly,L17,Senex,Mid Rim
Asrat,N8,,Inner Rim
Ast Kikorie,H16,Moddell,Outer Rim
Atapap I,N12,,Inner Rim
Atchorb,S3,Corporate Sector,Outer Rim
Athiss,R4,Sith Worlds,Outer Rim
Atollon,U7,,Outer Rim
Ator,M10,,Core
Atorra,Q5,Gordian Reach,Outer Rim
Atravis,L19,Atravis,Outer Rim
Atron,L18,Senex,Mid Rim
Attahox,P12,Hocatar,Expansion Region
Atzerri,M13,,Inner Rim
Austan,R16,Arkanis,Outer Rim
Avenelle,P9,Lantillian,Mid Rim
Averam,M18,Seswenna,Outer Rim
Avidich,E8,Chiss Ascendancy,Unknown Regions
Axxila,O5,D'Astan,Outer Rim
Aylayl,S12,Hutt Space,Hutt Space
Azbrian,L12,,Core
Aztubek,K18,Javin,Outer Rim
Azure,P8,Truum,Mid Rim
Azzameen Station,N17,,Outer Rim
B-Foroon,R16,Arkanis,Outer Rim
B'trilla,Q5,Gordian Reach,Outer Rim
Babbadod,N14,,Inner Rim
Bacrana,O14,Brak,Expansion Region
Bahalian,P18,Astal,Outer Rim
Bajic,P18,Bajic,Outer Rim
Bakura,G16,Bakura,Wild Space
Balamak,Q9,Taldot,Mid Rim
Baldavia,O9,Hapes Cluster,Inner Rim
Balis-Baurgh,K16,Sombure,Mid Rim
Balmorra,M10,,Colonies
Balnab,L7,Bright Jewel,Mid Rim
Balosar,L12,,Core
Baltizaar,K7,Corthenia,Mid Rim
Ban-Satir,S4,Corporate Sector,Outer Rim
Bandomeer,O6,Meerian,Outer Rim
Bannistar Station,O15,Hevvrol,Mid Rim
Barab,U12,Albanin,Outer Rim
Baraboo,M11,,Core
Baradas,L8,,Colonies
Barcaria,K16,Sombure,Mid Rim
Bardotta,J13,,Colonies
Barenth,K8,Drannik,Expansion Region
Barison,Q6,Gordian Reach,Outer Rim
Barkhesh,K19,Seitia,Outer Rim
Barlok,L8,Marcol,Inner Rim
Baroli,N14,Baroli,Expansion Region
Baros,U7,Dominus,Outer Rim
Barseg,S6,Allied Tion,Outer Rim
Basilisk,L9,,Core
Bassadro,L13,,Colonies
Bastion,K3,Braxant,Outer Rim
Bastooine,I17,Graador,Mid Rim
Bator Bai,L18,Senex,Mid Rim
Batorine,J9,,Colonies
Baummu,U8,Shadola,Outer Rim
Bavva,K18,Anoat,Outer Rim
Begeren,R4,Sith Worlds,Outer Rim
Belasco,O11,Belasco,Expansion Region
Belassar,J8,Sarla,Expansion Region
Belazura,M13,,Colonies
Belderone,R6,Belderone,Outer Rim
Belgaroth,K13,,Core
Belkadan,L1,Dalonbian,Outer Rim
Bellassa,M11,,Core
Belnar,M9,,Colonies
Belsavis,L18,Bozhnee,Outer Rim
Beltrix III,M14,,Inner Rim
Bendeluum,K18,Anoat,Outer Rim
Bengat,J8,,Inner Rim
Berchest,N8,Anthos,Inner Rim
Beris,Q13,Fel Hu,Mid Rim
Berri,N9,,Inner Rim
Berrol's Donn,K19,Kriz,Outer Rim
Besberra,L20,Subterrel,Outer Rim
Bescane,K3,Obtrexta,Outer Rim
Besero,L10,,Deep Core
Besnia,N12,,Colonies
Bespin,K18,Anoat,Outer Rim
Bestine,M14,,Inner Rim
Betha,P4,Corva,Outer Rim
Betshish,P5,Gordian Reach,Outer Rim
Bettel,K18,Javin,Outer Rim
Bextar,J4,Velcar,Outer Rim
Bhargebba,R4,Sith Worlds,Outer Rim
Bheriz,U10,Bheriz,Outer Rim
Biewa,S4,Corporate Sector,Outer Rim
Biitu,K5,Cassander,Outer Rim
Bilbringi,J8,,Inner Rim
Bimin Three,N15,Majoor,Expansion Region
Bimmiel,N4,Kanz,Outer Rim
Bimmisaari,R9,Halla,Mid Rim
Birgis,M3,Dalonbian,Outer Rim
Bisellia,K4,Clacis,Outer Rim
Bissillirus,Q10,Trax,Mid Rim
Bith,M18,Mayagil,Outer Rim
Blenjeel,Q15,Dufilvian,Mid Rim
Blimph,Q10,Kastolar,Mid Rim
Bnar,K3,Braxant,Outer Rim
Bogden,M8,,Inner Rim
Bogo Rai,E8,,Unknown Regions
Bomis Koori,K16,Wornal,Mid Rim
Bonadan,S3,Corporate Sector,Outer Rim
Boonta,S8,Suolriep,Outer Rim
Boordii,N7,Sumitra,Expansion Region
Bootana Shagplan,S10,Hutt Space,Hutt Space
Boranda,R14,Manda,Mid Rim
Borao,M14,,Inner Rim
Borgo Prime,M6,Oricho,Outer Rim
Borkyne,L15,Bes Ber Bikade,Expansion Region
Borleias,K9,,Colonies
Boro-borosa,L18,Senex,Mid Rim
Borosk,K5,Prefsbelt,Outer Rim
Bortras,M18,Brema,Outer Rim
Bosph,Q3,Bosph,Outer Rim
Bosthirda,R5,Sith Worlds,Outer Rim
Botajef,O6,Belsmuth,Outer Rim
Bothawui,R14,Bothan Space,Mid Rim
Botor,K12,,Core
Boudolayz,N12,,Colonies
Bovo Yagen,O13,Kailion,Expansion Region
Boz Pity,S9,Halla,Mid Rim
Bpfassh,M19,Sluis,Outer Rim
Brentaal,L9,,Core
Bresnia,Q14,Tandon,Mid Rim
Brevost,O15,Brevost,Expansion Region
Brigia,T6,Tion Hegemony,Outer Rim
Brochiib,S3,Trianii,Wild Space
Brodo Asogi,J4,Perinn,Outer Rim
Broest,L10,,Core
Bronsoon,P6,Gordian Reach,Outer Rim
Brosi,S3,Corporate Sector,Outer Rim
Bryexx,M13,,Colonies
Bryx,R8,Bryx,Mid Rim
Bseto,P7,Msst,Mid Rim
Buchich,U6,Calamari,Outer Rim
Budpock,R7,Meridian,Outer Rim
Bunduki,H16,Pacanth Reach,Outer Rim
Burnin Konn,K18,Anoat,Outer Rim
Burska,I7,Freestanding Subsectors,Mid Rim
Byblos,M12,,Colonies
Byss,K11,,Deep Core
C-Foroon,R16,Arkanis,Outer Rim
Caamas,M9,,Core
Cademimu,M6,Cademimu,Outer Rim
Cadinth,S6,Allied Tion,Outer Rim
Cadma,T8,Centrality,Outer Rim
Cadomai,R3,Aparo,Outer Rim
Cal-Seti,K10,,Core
Calfa,O9,Hapes Cluster,Inner Rim
Calonica,K16,Vensensor,Expansion Region
Caltinia,L17,Senex,Mid Rim
Calus,L15,,Inner Rim
Caluula,T6,Tion Hegemony,Outer Rim
Cambria,L10,,Deep Core
Camden,O5,Morshdine,Outer Rim
Candoria,J13,,Colonies
Cantonica,S4,Corporate Sector,Outer Rim
Cantras Gola,J4,Perinn,Outer Rim
Cantros,J20,Saijo,Outer Rim
Capella,Q6,Gordian Reach,Outer Rim
Capza,K4,Velcar,Outer Rim
Carcel,O8,Locris,Expansion Region
Carest,N8,,Inner Rim
Cargamalis,K18,Bruanii,Mid Rim
Carida,M9,,Colonies
Carlac,K5,Prefsbelt,Outer Rim
Carlania,O9,Hapes Cluster,Inner Rim
Carnovia,S12,Hutt Space,Hutt Space
Carosi,P4,Nembus,Outer Rim
Carratos,K8,,Inner Rim
Carsanza,L17,Juvex,Mid Rim
Cartao,O8,Prackla,Expansion Region
Casfield,Q7,Tennuutta,Mid Rim
Cassander,K5,Cassander,Outer Rim
Castell,M9,,Colonies
Cathar,N6,Quelii,Outer Rim
Cato Neimoidia,N11,,Colonies
Celanon,O6,D'Astan,Outer Rim
Celdaru,I8,Freestanding Subsectors,Expansion Region
Celegia,O10,Noori,Expansion Region
Celwis,F8,,Unknown Regions
Centares,R7,Maldrood,Mid Rim
Cerea,I16,Semagi,Mid Rim
Cerenia,N15,Mbandamonte,Expansion Region
Cezith,K4,Clacis,Outer Rim
Ch'hodos,R4,Sith Worlds,Outer Rim
Chad,R7,Jospro,Outer Rim
Chalacta,R10,Kastolar,Mid Rim
Chalcedon,I16,Tashtor,Mid Rim
Challon,L9,,Core
Chamble,Q10,Mytaranor,Mid Rim
Chamm,M12,,Core
Champala,L8,,Inner Rim
Chandaar,S6,Cronese Mandate,Outer Rim
Chandrila,L9,,Core
Chanosant,O11,Harron,Expansion Region
Chardaan,N13,,Inner Rim
Charra,P14,Charra,Expansion Region
Charros,R9,Taldot,Mid Rim
Charubah,O9,Hapes Cluster,Inner Rim
Chasin,M12,,Core
Chazwa,M8,Orus,Inner Rim
Cheelit,I16,Semagi,Mid Rim
Cheku,O15,Brevost,Expansion Region
Chenowei,Q5,Gordian Reach,Outer Rim
Cheruba,O9,Hapes Cluster,Inner Rim
Chibias,K17,Sombure,Mid Rim
Chiron,T7,Ash Worlds,Outer Rim
Chokan,Q13,Maerdocia,Mid Rim
Cholganna,T5,Colundra,Outer Rim
Chorax,N11,,Colonies
Chosper,O9,Hapes Cluster,Inner Rim
Christophsis,Q16,Savareen,Outer Rim
Chroma Zed,Q12,Maerdocia,Mid Rim
Chryya,M17,Dustig,Mid Rim
Churruma,J5,Velcar,Outer Rim
Cilpar,L13,,Colonies
Cioral,F8,Chiss Ascendancy,Unknown Regions
Circumtore,S12,Hutt Space,Hutt Space
Cirrus,J6,Dantus,Outer Rim
Cirus,R17,Arkanis,Outer Rim
Ciutric,N5,Ciutric,Outer Rim
Clantaano,U12,Albanin,Outer Rim
Cmaoli Di,M17,Brema,Outer Rim
Coachelle,P10,Terr'skiar,Mid Rim
Codia,H15,Freestanding Subsectors,Mid Rim
Colla IV,N9,,Inner Rim
Colonial Station Cam'co,F8,Chiss Ascendancy,Unknown Regions
Colonial Station Chaf,F9,Chiss Ascendancy,Unknown Regions
Columex,R6,Vorzyd,Outer Rim
Columus,M11,,Core
Comkin V,N7,Nouane,Inner Rim
Commenor,N10,,Colonies
Comra,J5,Prefsbelt,Outer Rim
Cona,O11,Inner Cluster,Inner Rim
Concord Dawn,O7,Thursa,Mid Rim
Condular,M12,,Core
Constancia,K12,,Deep Core
Contruum,O8,Truum,Mid Rim
Coonee,O15,Brevost,Expansion Region
Copero,F9,Chiss Ascendancy,Unknown Regions
Cophrigin,T7,Ash Worlds,Outer Rim
Copperline,K16,Vatha,Expansion Region
Corann,M9,,Core
Corbett CLuster,I17,Corbett,Mid Rim
Corbos,R5,Esstran,Outer Rim
Corellia,M11,,Core
Corlass,S6,Cronese Mandate,Outer Rim
Cormit,F8,Chiss Ascendancy,Unknown Regions
Corroth,N9,,Colonies
Corsin,M7,Greater Plooriod,Expansion Region
Cortina,K12,,Core
Corulag,L9,,Core
Coruscant,,,Core
Corva Yag,N20,Rseik,Outer Rim
Corvanni IV,N9,Neshig,Inner Rim
Corvis Minor,N5,Ciutric,Outer Rim
Cotellier,N20,Rseik,Outer Rim
Council,K18,Anoat,Outer Rim
Coveway,I18,Koradin,Outer Rim
Craci,R4,Corporate Sector,Outer Rim
Crait,N17,Grumani,Outer Rim
Crakull,G10,,Unknown Regions
Cranan,R16,Arkanis,Outer Rim
Criton's Point,K3,Myto,Outer Rim
Crovna,L17,Senex,Mid Rim
Crustai,H8,,Unknown Regions
Crystan,L12,,Deep Core
Csaus,F9,Chiss Ascendancy,Unknown Regions
Csilla,F8,Chiss Ascendancy,Unknown Regions
Cularin,P14,Thaere,Expansion Region
Cuvacia,K13,,Core
Cyax,S11,Hutt Space,Hutt Space
Cybloc,R7,Meridian,Outer Rim
Cyborrea,S9,Hutt Space,Hutt Space
Cyimarra,L17,Senex,Mid Rim
Cyphar,L17,Spirva,Mid Rim
Cyrillia,O12,Cyrillian Protectorate,Expansion Region
D'ian,S3,Corporate Sector,Outer Rim
D'Qar,O17,Sanbra,Outer Rim
D'rinba,K17,Sombure,Mid Rim
Daalang,Q12,Daalang,Mid Rim
Daan/Melida,P17,Cadavine,Outer Rim
Dachat,K9,,Core
Dactruria,J4,Clacis,Outer Rim
Daemen,M16,Woostri,Expansion Region
Dagary Minor,M8,,Inner Rim
Dagelin Minor,T8,Cadma,Outer Rim
Dagobah,M19,Sluis,Outer Rim
Dahrtag,J13,,Core
Dakshee,M9,,Colonies
Dalchon,R17,Dalchon,Outer Rim
Dalcretti,O8,,Inner Rim
Dalisor,K17,Yushan,Mid Rim
Dalron,J6,Ariarch,Mid Rim
Daluuj,U13,Albanin,Outer Rim
Damendine,U6,Calamari,Outer Rim
Damoria,N11,,Colonies
Dankayo,L9,,Colonies
Danteel,M12,,Core
Dantooine,L4,Raioballo,Outer Rim
Danuta,S9,Halla,Mid Rim
Darada,K9,,Core
Darek,N11,,Colonies
Dargulli,N14,,Inner Rim
Darkknell,M17,Grumani,Outer Rim
Darlyn Boda,K18,Anoat,Outer Rim
Dartessex IV,N10,,Inner Rim
Daruvvia,O9,Hapes Cluster,Inner Rim
Dasoor,K18,Agarix,Mid Rim
Datar,L8,,Inner Rim
Dathomir,O6,Quelii,Outer Rim
Daupherm,K12,,Core
Davirien,R3,Corporate Sector,Outer Rim
Dela,T8,Centrality,Outer Rim
Delacrix,T9,Calaron,Outer Rim
Delephr,J4,Carrion,Outer Rim
Dellalt,T6,Tion Hegemony,Outer Rim
Delle,L9,,Colonies
Delphon,K18,Anoat,Outer Rim
Delrakkin,K21,Kallea,Outer Rim
Deltooine,S3,Corporate Sector,Outer Rim
Deminol,L17,Juvex,Mid Rim
Demophon,M10,,Core
Demos,N16,Dustig,Mid Rim
Denab,M19,Sluis,Outer Rim
Denarii Station,P6,Gordian Reach,Outer Rim
Deneba,Q13,Maerdocia,Mid Rim
Denebia,L18,Senex,Mid Rim
Denevar,K9,,Core
Dennaskar,R15,Manda,Mid Rim
Dennogra,S8,Tharin,Outer Rim
Denon,N13,,Inner Rim
Denova,N7,Ojoster,Outer Rim
Dentaal,K13,,Core
Derellium,S6,Cronese Mandate,Outer Rim
Derra,N15,Mikaster,Expansion Region
Desevro,S6,Tion Hegemony,Outer Rim
Devaron,M13,Duluur,Colonies
Devon,L5,Atrivis,Outer Rim
Deysum,Q10,Trax,Mid Rim
Diamal,L13,,Core
Dica,P11,Tolemses,Expansion Region
Dilbana,U12,Baxel,Outer Rim
Dilonexa,U8,Centrality,Outer Rim
Din Pulsar,H16,Moddell,Outer Rim
Dioll,L17,Juvex,Mid Rim
Dirha,S9,Hutt Space,Hutt Space
Divora,O9,Hapes Cluster,Inner Rim
Diyu,S12,Hutt Space,Hutt Space
Djurmo,M7,Strabin,Mid Rim
Dohlban,R13,Dohlbani,Mid Rim
Dohu,K7,Dohu,Mid Rim
Doldrums,L9,,Colonies
Doldur,P15,Doldur,Mid Rim
Dolis,J3,Obtrexta,Outer Rim
Dolla,L18,Videnda,Outer Rim
Donadus,J13,Bamula,Inner Rim
Doniphon,Q4,Kwymar,Outer Rim
Donovia,O9,Hali,Expansion Region
Doreen,L18,Senex,Mid Rim
Dorin,J8,Deadalis,Expansion Region
Dorlo,L19,Atravis,Outer Rim
Dornea,U7,Dominus,Outer Rim
Dorvalla,M18,Videnda,Outer Rim
Dosuun,H20,,Wild Space
Douglas,U8,Centrality,Outer Rim
Dra,R4,Wyl,Outer Rim
Drackmar,O6,Quelii,Outer Rim
Dractu,Q13,Lanic Space,Mid Rim
Dramassia,L18,Juvex,Mid Rim
Draria,M7,Lostar,Expansion Region
Draukyze,R6,Thanium,Outer Rim
Dravian Station,N18,Tamarin,Outer Rim
Drearia,L8,,Inner Rim
Dreena,O9,Hapes Cluster,Inner Rim
Dremulae,M10,,Deep Core
Dressel,Q13,Noolian,Mid Rim
Drexel,Q18,Dail,Outer Rim
Droecil,M15,Boeus,Expansion Region
Drog,R4,Corporate Sector,Outer Rim
Drogheda,Q11,Teraab,Mid Rim
Dromund Kaas,R5,Sith Worlds,Outer Rim
Drongar,T5,,Wild Space
Droxu,T11,Bheriz,Outer Rim
Drualkiin,T10,Kessel,Outer Rim
Druckenwell,P15,Doldur,Mid Rim
Du Hutta,S11,Hutt Space,Hutt Space
Dubrava,T13,Albanin,Outer Rim
Dubrillion,K3,Myto,Outer Rim
Duinarbulon,S6,Cronese Mandate,Outer Rim
Dulathia,P8,Landtillian,Mid Rim
Dulin,K14,,Inner Rim
Dulvoyinn,K12,,Deep Core
Durgen's Star,P6,Gordian Reach,Outer Rim
Durkteel,Q10,Kastolar,Mid Rim
Duro,M11,,Core
Duroon,S4,Corporate Sector,Outer Rim
Eadu,U10,Calaron,Outer Rim
Eamus,L13,,Core
Ebaq,M11,,Deep Core
Ebra,L6,Kesh,Mid Rim
Echnos,L17,Hadar,Mid Rim
Eclipse,L11,,Deep Core
Ediorung,O9,Hapes Cluster,Inner Rim
Edusa,O5,Morshdine,Outer Rim
Eiattu,L17,Ado,Mid Rim
Eibon,S6,Cronese Mandate,Outer Rim
Ejolus,M8,,Inner Rim
Ekibo,R3,Trianii,Wild Space
Elamposnia,Q5,Gordian Reach,Outer Rim
Elbara,J17,Elbaran,Mid Rim
Elgit,T10,Hutt Space,Hutt Space
Eliad,M20,Minos,Outer Rim
Elom,R5,Sertar,Outer Rim
Elrood,M20,Elrood,Outer Rim
Elshandruu Pica,O18,Quence,Outer Rim
Emberlene,P12,Authala,Expansion Region
Emmer,S5,Nilgaard,Outer Rim
Empress Teta,L10,,Deep Core
Enarc,O17,Alui,Mid Rim
Endex,J5,Velcar,Outer Rim
Endor,H16,Moddell,Outer Rim
Endor Gate,H16,Moddell,Outer Rim
Endoraan,K4,Clacis,Outer Rim
Endregaad,S5,Tion Hegemony,Outer Rim
Enisca,M13,,Colonies
Entralla,K4,Velcar,Outer Rim
Entuur,L6,Kesh,Mid Rim
Eol Sha,P3,Corva,Outer Rim
Epica,L15,Bes Ber Bikade,Expansion Region
Equanus,K3,Veragi,Outer Rim
Er'Kit,M6,Noonian,Outer Rim
Erai,P11,Hangshan,Expansion Region
Eredenn,T6,Tion Hegemony,Outer Rim
Ereesus,N4,Kanz,Outer Rim
Eriadu,M18,Seswenna,Outer Rim
Eridicon,T6,Calamari,Outer Rim
Erilnar,T8,Centrality,Outer Rim
Ertegas,K18,Anoat,Outer Rim
Erysthes,S4,Corporate Sector,Outer Rim
Esfandia,I6,,Wild Space
Eshan,N8,,Inner RIm
Esseles,L9,,Core
Ession,S4,Corporate Sector,Outer Rim
Etti,S4,Corporate Sector,Outer Rim
Euceron,Q7,Eucer,Mid Rim
Excarga,T16,Svetta,Outer Rim
Exodeen,M12,,Colonies
Fabrin,O12,Circarpous,Expansion Region
Fadden,N11,,Inner Rim
Faldos,K20,Saijo,Outer Rim
Falko,U8,Centrality,Outer Rim
Falleen,P15,Doldur,Mid Rim
Far Indosa,P6,Gordian Reach,Outer Rim
Far Pando,S13,Hutt Space,Hutt Space
Farana,S3,Farana,Wild Space
Farnica,O9,Hapes Cluster,Inner Rim
Faro,N10,,Colonies
Farquar,Q11,Kurost,Mid Rim
Farrfin,K9,,Core
Farstine,P17,Ryndellian,Mid Rim
Farstone,K18,Juvex,Mid Rim
Febrini,O9,Hapes Cluster,Inner Rim
Fedalle,M10,,Core
Fedje,L5,Atrivis,Outer Rim
Feena,Q5,Gordian Reach,Outer Rim
Feenix,K17,D'Aelgoth,Mid Rim
Feldwes,Q6,Gordian Reach,Outer Rim
Felucia,R6,Thanium,Outer Rim
Fengrine,L18,Senex,Mid Rim
Fennesa,K14,,Inner Rim
Ferro,Q4,I-Sector,Outer Rim
Fest,L5,Atrivis,Outer Rim
Feswe Corridor,P5,Gordian Reach,Outer Rim
Feswe Minor,P5,Gordian Reach,Outer Rim
Feswe Prime,P5,Gordian Reach,Outer Rim
Fether,S3,Corporate Sector,Outer Rim
Fibuli,S3,Corporate Sector,Outer Rim
Filordis,N8,Larrin,Inner Rim
Firrerre,H16,Zuma,Outer Rim
Florn,T5,Pakuuni,Outer Rim
Florrum,R5,,Outer Rim
Fodro,K4,Clacis,Outer Rim
Foerost,L10,,Core
Foless,M13,,Colonies
Fondor,L13,,Colonies
Formos,T10,Kessel,Outer Rim
Fornax,J7,Clythe,Mid Rim
Forsen,K5,Cassander,Outer Rim
Foundry,N10,,Colonies
Frego,L13,,Core
Fresia,K10,,Core
Froswythe,M13,,Colonies
Fwatna,K20,Subterrel,Outer Rim
Fwillsving,T10,Calaron,Outer Rim
G'wenee,N6,Weneen,Outer Rim
Gabredor,K4,Myto,Outer Rim
Gacerian,N15,Baroli,Expansion Region
Gala,Q7,Nuiri,Outer Rim
Galactic Center,,,Deep Core
Galand,K10,,Core
Galantos,K10,,Core
Galidraan,R6,Thanium,Outer Rim
Gallinore,O9,Hapes Cluster,Inner Rim
Galvoni,K9,,Core
Gama,L12,,Core
Gamor,O14,Chaykin,Expansion Region
Gamorr,T14,Galov,Outer Rim
Ganath,R12,Hutt Space,Hutt Space
Gand,T8,Shadola,Outer Rim
Gandeal,M12,,Core
Gandolo,M5,Lahara,Outer Rim
Gannaria,H15,Trilon,Outer Rim
Ganthel,L9,,Core
Garel,U7,Dominus,Outer Rim
Gargon,O7,Meerian,Outer Rim
Garnib,L18,Bozhnee,Outer Rim
Garos,P7,Msst,Mid Rim
Garqi,K5,Cassander,Outer Rim
Gaulus,S17,Gaulus,Outer Rim
Gaurick,S4,Corporate Sector,Outer Rim
Gavryn,Q8,Romintine,Mid Rim
Gbu,T6,Pakuuni,Outer Rim
Gedi,R16,Arkanis,Outer Rim
Gelda,J4,Carrion,Outer Rim
Gelviddis Cluster,N9,,Inner Rim
Genassa,M7,M'shinni,Mid Rim
Gendrah-Narvin,N13,,Inner Rim
Generis,L5,Atrivis,Outer Rim
Genian,P10,Trax,Mid Rim
Genon,N13,,Inner Rim
Geonosis,R16,Arkanis,Outer Rim
Geris,O7,Trans'Vulta,Mid Rim
Geroon,I8,Freestanding Subsectors,Mid Rim
Gerrard,K12,,Core
Gerrenthum,K18,Javin,Outer Rim
Gestrex,T9,Calaron,Outer Rim
Gholondreine,K15,Chitarghar,Expansion Region
Ghorman,L13,,Colonies
Gibbela,L5,Atrivis,Outer Rim
Gigor,R4,Tynquay,Outer Rim
Giju,L13,,Colonies
Gilatter,I7,Churnis,Mid Rim
Gizer,P8,Locris,Expansion Region
Glade,P5,Gordian Reach,Outer Rim
Glee Anselm,J7,Jalor,Mid Rim
Glithnos,M10,,Core
Glom Tho,I8,Vardoss,Expansion Region
Glottal,U11,Baxel,Outer Rim
Golden Nyss,L8,Fellwe,Expansion Region
Gonmore,K6,Irishi,Mid Rim
Goorla,M11,,Core
Gorno,R17,Arkanis,Outer Rim
Goroth,R16,Trans-Nebular,Mid Rim
Gorse,O10,,Inner Rim
Gorsh,O3,,Wild Space
Gos Hutta,S11,Hutt Space,Hutt Space
Grakouine,R15,Onatos,Mid Rim
Grandine,M9,,Colonies
Gravan Seven,O8,,Inner Rim
Gravlex Med,L4,Raioballo,Outer Rim
Gree,L2,Gree,Outer Rim
Grizmallt,L9,,Core
Gromas,Q7,Perkell,Mid Rim
Groth,S11,Hutt Space,Hutt Space
Guiteica,J4,,Wild Space
Gulma,P3,,Wild Space
Gulvitch,Q6,Gordian Reach,Outer Rim
Gwori,K4,Clacis,Outer Rim
Gyndine,O12,Circarpous,Expansion Region
H'ratth,N10,,Inner Rim
Habassa,Q16,Herdessa,Mid Rim
Had Abbadon,L10,,Deep Core
Hakassi,M11,,Deep Core
Halm,J16,Halm,Mid Rim
Halmad,N6,Quelii,Outer Rim
Handooine,S7,Phelleem,Outer Rim
Hapes,O9,Hapes Cluster,Inner Rim
Har Binande,J16,Har Worlds,Expansion Region
Harloen,O6,Belsmuth,Outer Rim
Harrin,L15,Harrin,Inner Rim
Harterra,O9,Hapes Cluster,Inner Rim
Haruun Kal,M17,Dustig,Mid Rim
Haseria,P15,Haserian,Mid Rim
Hast,U6,,Wild Space
Haverling,K5,Albarrio,Outer Rim
Havricus,N12,,Colonies
Heffrin,R17,Arkanis,Outer Rim
Helska,L2,Dalonbian,Outer Rim
Hemei,M12,,Core
Hensara,N11,,Colonies
Heptalia,M14,,Inner Rim
Herdessa,Q16,Herdessa,Mid Rim
Herzob,N12,,Colonies
Hestria,L18,Senex,Mid Rim
Hethar,L5,Atrivis,Outer Rim
Hewett,M6,Hewett,Mid Rim
High Chunah,K18,Javin,Outer Rim
Hiit,S3,Corporate Sector,Outer Rim
Hijado,O6,Thesme,Outer Rim
Hijarna,M8,Orus,Inner Rim
Hijo,J8,Hijoan Space,Expansion Region
Hillindor,M13,,Inner Rim
Hilo,O13,Hilo,Expansion Region
Hinakuu,U6,Calamari,Outer Rim
Hirsi,J17,Elbaran,Mid Rim
Hishyim,S15,Abrion,Outer Rim
Hjaff,J13,,Colonies
Hok,M9,,Colonies
Holess,R14,Manda,Mid Rim
Hollastin,S12,Hutt Space,Hutt Space
Honoghr,T10,Kessel,Outer Rim
Horuz,L5,Atrivis,Outer Rim
Hosko,S11,Hutt Space,Hutt Space
Hosnian Prime,M12,,Core
Hosrel,U8,Centrality,Outer Rim
Hoth,K18,Anoat,Outer Rim
Houche,H16,Zuma,Outer Rim
Hovan,L18,Senex,Mid Rim
Hoylin,P13,Fel Hu,Mid Rim
Huk,J4,,Wild Space
Huldamun,R17,Arkanis,Outer Rim
Hull's Star,S3,Farana,Wild Space
Huloon,S11,Hutt Space,Hutt Space
Humbarine,M10,,Core
Hutlar,L18,Senex,Mid Rim
Hyabb,K9,,Core
Hynah,O5,Kalamith,Outer Rim
Hypori,S16,Ferra,Outer Rim
Iast,J17,Aldino,Mid Rim
Ibanjji,N4,Mieru'kar,Outer Rim
Ichtor,K16,Sombure,Mid Rim
Iego,T7,Ash Worlds,Outer Rim
Ifmix,M9,,Colonies
Iktotchon,O14,Narvath,Expansion Region
Iliabath,R4,Mortex,Outer Rim
Illarreen,T16,Herios,Outer Rim
Illodia,K13,,Core
Illoud,O9,Hali,Expansion Region
Ilos,R10,Hutt Space,Hutt Space
Ilos Minor,R10,Hutt Space,Hutt Space
Ilum,G7,,Unknown Regions
Immalia,K8,Immalia,Expansion Region
Imynusoph,J21,Kallea,Outer Rim
Indellian,K18,Yarith,Outer Rim
Indobok,P15,Hevvrol,Mid Rim
Indu San,Q7,Rolion,Outer Rim
Indupar,M17,Ado,Mid Rim
Ingo,R8,Bortele,Mid Rim
Inysh,J12,,Core
Ione,K18,Anoat,Outer Rim
Iope,L10,,Deep Core
Iotra,S8,Iotra,Outer Rim
Iphigin,L13,,Core
Iridium,L5,Atrivis,Outer Rim
Iridonia,J7,Clythe,Mid Rim
Irith,S11,Hutt Space,Hutt Space
Isde Naha,K18,Yarith,Outer Rim
Iseno,N13,Iseno,Inner Rim
Ishanna,O12,Circarpous,Expansion Region
Isiring,L5,Cassander,Outer Rim
Isis,K18,Anoat,Outer Rim
Iskalon,R16,Trans-Nebular,Mid Rim
Ison,K18,Anoat,Outer Rim
Issagra,S4,Corporate Sector,Outer Rim
Issor,R17,Arkanis,Outer Rim
Itani,N14,,Inner Rim
Ithor,M6,Ottega,Mid Rim
Ithull,O10,Airon,Inner Rim
Ixtlar,L10,,Core
J't'p'tan,K10,,Core
Jabiim,S7,Phelleem,Outer Rim
Jaciprus,M11,,Core
Jaemus,K4,Obtrexta,Outer Rim
Jagomir,Q5,Esstran,Outer Rim
Jaguada,R5,Sith Worlds,Outer Rim
Jakku,I13,,Inner Rim
Jalarren,L18,Senex,Mid Rim
Jaminere,S6,Allied Tion,Outer Rim
Jamiron,F8,Chiss Ascendancy,Unknown Regions
Janara,L14,,Inner Rim
Jandur,J14,,Inner Rim
JanFathal,K6,Fath,Outer Rim
Janodral Mizar,S5,Indrexu,Outer Rim
Jarnollen,L7,Bright Jewel,Mid Rim
Jatir,L9,,Colonies
Javin,K18,Javin,Outer Rim
Jazbina,M8,Lostar,Expansion Region
Jedha,H10,Freestanding Subsectors,Mid Rim
Jelucan,Q4,Kwymar,Outer Rim
Jendorn,O8,Farstey,Expansion Region
Jerne,N4,Kanz,Outer Rim
Jerrilek,L10,,Deep Core
Jerrist,S4,Corporate Sector,Outer Rim
Jestan,M7,Corpheli,Expansion Region
Jeyell,Q8,Roche,Mid Rim
Jilrua,R12,Hutt Space,Hutt Space
Jiroch,K17,Yushan,Mid Rim
Jodaka,O9,Hapes Cluster,Inner Rim
Joiol,M8,Orus,Inner Rim
Jomark,R7,Jospro,Outer Rim
Joodrudda,S4,Corporate Sector,Outer Rim
Jovan,P6,Gordian Reach,Outer Rim
Jovaria,O9,Hapes Cluster,Inner Rim
Jubilar,T7,Jubilar,Outer Rim
Junction,O5,Thesme,Outer Rim
Junkfort Station,T8,Tharin,Outer Rim
Jurzan,M15,Jurzan,Expansion Region
Juvex,L18,Juvex,Mid Rim
K'ath,L18,Juvex,Mid Rim
k'Farri,O9,Hapes Cluster,Inner Rim
K'taktaxka,J14,,Inner Rim
Kaal,K17,Yushan,Mid Rim
Kabal,N18,Mayagil,Outer Rim
Kabray,P15,Corweillian,Mid Rim
Kadavo,S4,,Wild Space
Kafane,S9,Hutt Space,Hutt Space
Kail,R3,Corporate Sector,Outer Rim
Kailor,L10,,Core
Kal'Shebbol,M21,Kathol,Outer Rim
Kalaan,J7,Churnis,Mid Rim
Kalarba,P15,Hevvrol,Mid Rim
Kalee,J4,,Wild Space
Kalevala,O7,Mandalore,Outer Rim
Kalgo,L18,Senex,Mid Rim
Kaliida Shoals,O17,Ryndellian,Mid Rim
Kalinda,O16,Vilonis,Mid Rim
Kalishik,Q6,Gordian Reach,Outer Rim
Kalist,K12,,Deep Core
Kalki Nebula,L5,Cassander,Outer Rim
Kalkovak,S8,Bortele,Mid Rim
Kalla,S4,Corporate Sector,Outer Rim
Kalsunor,R5,Sith Worlds,Outer Rim
Kamar,S3,Corporate Sector,Outer Rim
Kamdon,U7,Calamari,Outer Rim
Kamino,S15,,Outer Rim
Kamur,L18,Senex,Mid Rim
Kanaver,S5,Tion Hegemony,Outer Rim
Kaon,S6,Tion Hegemony,Outer Rim
Karazak,P19,Sujimis,Outer Rim
Kardura,L17,Juvex,Mid Rim
Karfeddion,L18,Senex,Mid Rim
Karideph,M20,Minos,Outer Rim
Karlinus,O16,Chommel,Mid Rim
Karra,J19,Rayter,Outer Rim
Karsten's World,Q6,Gordian Reach,Outer Rim
Karvoss,M12,,Core
Kashyyyk,P9,Mytaranor,Mid Rim
Kassido,L17,Juvex,Mid Rim
Katarr,O8,Vensori,Mid Rim
Kath,M17,Dustig,Mid Rim
Kattada,M10,,Colonies
Kayri,I15,Freestanding Subsectors,Expansion Region
Kedorzha,L18,Senex,Mid Rim
Keeara Major,K10,,Deep Core
Kegan,T9,Calaron,Outer Rim
Keitum,J6,Ariarch,Mid Rim
Kelada,M13,Kuluur,Colonies
Keldooine,R10,Hutt Space,Hutt Space
Kelrodo-Ai,L18,Steniplis,Outer Rim
Kemal Station,R16,Arkanis,Outer Rim
Kerkoidia,N15,Kira,Expansion Region
Kesh,U10,,Wild Space
Keskin,J18,Koradin,Outer Rim
Kesmere,L4,Raioballo,Outer Rim
Kesmere Minor,L4,Raioballo,Outer Rim
Kessel,T10,Kessel,Outer Rim
Ket,O9,Hapes Cluster,Inner Rim
Ketal,L14,,Inner Rim
Ketaris,L5,Oplovis,Outer Rim
Khar Delba,R5,Sith Worlds,Outer Rim
Khomm,L12,,Deep Core
Khubeaie,R17,Arkanis,Outer Rim
Kidiet Olgo,L9,,Core
Kidriff,M8,Lostar,Expansion Region
Kiffu,L14,Kiffu,Inner Rim
Kile,S7,Jospro,Outer Rim
Kimm Aurek,L18,Juvex,Mid Rim
Kimm Besh,L18,Juvex,Mid Rim
Kimm Cresh,L18,Juvex,Mid Rim
Kinooine,J21,,Wild Space
Kinoss,E8,Chiss Ascendancy,Unknown Regions
Kinyen,L15,Bes Ber Bikade,Expansion Region
Kir,S3,Corporate Sector,Outer Rim
Kira,N15,Kira,Expansion Region
Kirdo,N19,Tamarin,Outer Rim
Kiribi,L9,,Colonies
Kiros,L8,Ehosiq,Expansion Regions
Kirtania,P4,Nembus,Outer Rim
Kirtarkin,K18,Anoat,Outer Rim
Kitel Phard,J12,,Core
Kiva,O7,Venaarian,Mid Rim
Klasse Ephemora,F9,,Unknown Regions
Klatooine,S9,Hutt Space,Hutt Space
Kleeva,R11,Hutt Space,Hutt Space
Kli'aar,P5,Gordian Reach,Outer Rim
Kloper,N9,,Inner Rim
Kluistar,M8,,Colonies
Knolstee,R3,Corporate Sector,Outer Rim
Knores,L17,Senex,Mid Rim
Koba,J16,Narrant,Mid Rim
Kobaria,M12,,Core
Koda Station,I18,Wazta,Outer Rim
Kodai,R6,Belderone,Outer Rim
Koensayr,N12,,Colonies
Koiogra,R16,Grohl,Outer Rim
Kokash,J10,,Core
Kol Huro,N4,Kanz,Outer Rim
Kolanda Station,S14,Yminis,Outer Rim
Komnor,S8,Suolriep,Outer Rim
Kooriva,M14,,Inner Rim
Kor Anjiliac,S11,Hutt Space,Hutt Space
Kor Besadii,S10,Hutt Space,Hutt Space
Kor Desilijic,S11,Hutt Space,Hutt Space
Kor Gejalli,S11,Hutt Space,Hutt Space
Kor Hestilic,S10,Hutt Space,Hutt Space
Kor Hunamma,S11,Hutt Space,Hutt Space
Kor Jiramma,S11,Hutt Space,Hutt Space
Kor Nasirii,S10,Hutt Space,Hutt Space
Kor Nijiladii,S10,Hutt Space,Hutt Space
Kor Oktanivii,S11,Hutt Space,Hutt Space
Kor Trinivii,S11,Hutt Space,Hutt Space
Kor Usilic,S11,Hutt Space,Hutt Space
Kor Utoradii,S11,Hutt Space,Hutt Space
Kor Vosadii,S10,Hutt Space,Hutt Space
Korbin,J14,,Inner Rim
Korda Six,O8,,Inner Rim
Korev VII,N9,Zaric,Inner Rim
Korfo,M9,,Core
Korphir,Q6,Gordian Reach,Outer Rim
Korriban,R5,Sith Worlds,Outer Rim
Korriz,R4,Sith Worlds,Outer Rim
Korvaii,L7,Kordu,Mid Rim
Kothlis,R14,Bothan Space,Mid Rim
Kowak,S16,Svetta,Outer Rim
Krann,O15,Brevost,Expansion Region
Krant,R14,Bothan Space,Mid Rim
Krayiss,R4,Sith Worlds,Outer Rim
Kril'Dor,I7,Outer Jalor,Mid Rim
Krinemonen,U6,Calamari,Outer Rim
Kriselist,K16,Wornal,Mid Rim
Kroctar,N7,Shataum,Inner Rim
Kromus,P7,Esuain,Mid Rim
Krylon,P5,Gordian Reach,Outer Rim
Ktil,N9,Ktilac Regions,Inner Rim
Kuar,K10,,Deep Core
Kuat,M10,,Core
Kubindi,T9,Calaron,Outer Rim
Kumru,K18,Javin,Outer Rim
Kuna's Eye,H16,Moddell,Outer Rim
Kuna's Fist,H16,Moddell,Outer Rim
Kuna's Horn,H16,Moddell,Outer Rim
Kuna's Tail,H16,Moddell,Outer Rim
Kuna's Tooth,H16,Moddell,Outer Rim
Kushibah,P5,Gordian Reach,Outer Rim
Kwenn,R10,Kastolar,Mid Rim
Kwevron,K4,Clacis,Outer Rim
Kwookrrr,Q9,Mytaranor,Mid Rim
Laakteen Depot,L13,,Colonies
Ladarra,P5,Gordian Reach,Outer Rim
Laertos,L14,,Inner Rim
Lafra,R4,Wyl,Outer Rim
Lah'mu,L4,Raioballo,Outer Rim
Lahag Erli,J15,Cantons of Lahag,Expansion Region
Lahsbane,R15,Onatos,Mid Rim
Lalmy'ash,O9,Hapes Cluster,Inner Rim
Lamaredd,S18,,Wild Space
Langoona,S10,Hutt Space,Hutt Space
Lankashiir,N11,,Colonies
Lannik,R13,Lanic Space,Mid Rim
Lansono,L12,,Core
Lant,S8,Periphery,Outer Rim
Lanteeb,I17,Bri'ahl,Outer Rim
Lanthe,M16,Var Hagen,Mid Rim
Lantillies,P8,Lantillian,Mid Rim
Las Lagon,M13,,Inner Rim
Lasan,P20,,Wild Space
Lavisar,M7,Strabin,Mid Rim
Lazerian,N15,Kira,Expansion Region
Lekua,T8,Centrality,Outer Rim
Lelmra,P14,Churba,Mid Rim
Lemmi,O9,Hapes Cluster,Inner Rim
Lenico IV,L6,Cademimu,Outer RIm
Lequabis,I14,Freestanding Subsectors,Expansion Region
Leria Kerlsil,M10,,Core
Leritor,Q15,Yucrales,Mid Rim
Lettow,M11,,Core
Levian,N8,,Inner Rim
Lexrul,Q10,Trax,Mid Rim
Lialic,K12,,Deep Core
Lianna,S6,Allied Tion,Outer Rim
Linuri,P15,Doldur,Mid Rim
Lipsec,I18,Koradin,Outer Rim
Lirra,U12,Baxel,Outer Rim
Listehol,Q4,Kwymar,Outer Rim
Little Capella,Q6,Gordian Reach,Outer Rim
Little Kessel,T10,Kessel,Outer Rim
Little Talhovi,K18,Juvex,Mid Rim
Livien,S5,Tion Hegemony,Outer Rim
Llanic,Q16,Karthakk,Outer Rim
Llon Nebulae,K15,Itopol,Expansion Region
Lo'Uran,R3,Corporate Sector,Outer Rim
Loedorvia,K12,,Core
Lohopa,M15,Boeus,Expansion Region
Lok,Q17,Karthakk,Outer Rim
Lola Sayu,R6,,Outer Rim
Lolnar,M11,,Core
Lonnaw,K6,Droma,Mid Rim
Loovria,L18,Juvex,Mid Rim
Lorahns,P14,Sloo,Mid Rim
Loretto,M11,,Core
Loronar,M12,,Colonies
Lorrd,N4,Kanz,Outer Rim
Lorta,J17,Gendius,Mid Rim
Lothal,U7,Dominus,Outer Rim
Lotho Minor,I17,Wazta,Outer Rim
Lovola,O9,Hapes Cluster,Inner Rim
Low'n,Q8,Romintine,Mid Rim
Lowick,U9,Calaron,Outer Rim
Lucazec,Q6,Nuiri,Outer Rim
Lujo,L12,,Core
Lur,R4,Aparo,Outer Rim
Lutrillia,J18,Yarith,Outer Rim
Lwhekk,C16,,Unknown Regions
Lyran,S15,Quiberon,Outer Rim
Lythos,S3,Corporate Sector,Outer Rim
M'haeli,N15,Majoor,Expansion Region
M'Hanna,T11,Hutt Space,Hutt Space
Ma'ar Shaddam,N20,Rseik,Outer Rim
Maires,O9,Hapes Cluster,Inner Rim
Majoor,N15,Majoor,Expansion Region
Makeb,Q13,,Mid Rim
Makem Te,S5,Nilgaard,Outer Rim
Malachor,S4,,Outer Rim
Malador,L17,Juvex,Mid Rim
Malagarr,V8,,Wild Space
Malastare,N16,Dustig,Mid Rim
Maldra,U8,Shadola,Outer Rim
Malestrom Nebula,K5,Albarrio,Outer Rim
Mall'ordian,R3,Corporate Sector,Outer Rim
Malrev IV,P6,Thrasybule,Outer Rim
Maltha Obex,O3,Mieru'kar,Outer Rim
Mamendin,K9,,Core
Manaan,O11,,Inner Rim
Manda,R15,Manda,Mid Rim
Mandalore & Concordia,O7,Mandalore,Outer Rim
Mandell,R14,Bothan Space,Mid Rim
Manforgon,L17,Juvex,Mid Rim
Mannova,Q5,Gordian Reach,Outer Rim
Manpha,K20,Seitia,Outer Rim
Manress,N9,,Inner Rim
Mantan,U6,Calamari,Outer Rim
Mantessa,M8,Orus,Inner Rim
Mantooine,L5,Atrivis,Outer Rim
Manwess,N9,,Colonies
Maridun,Q6,Rolion,Outer Rim
Markbee's Star,L5,Atrivis,Outer Rim
Marmoth,K4,Albarrio,Outer Rim
Marquarra,J5,,Wild Space
Marrovia,P5,Gordian Reach,Outer Rim
Maryo,S4,Corporate Sector,Outer Rim
Marzoon,I16,Marzoon,Mid Rim
Masterra,Q14,Hertae,Mid Rim
Mataou,K18,Anoat,Outer Rim
Matra,S4,Corporate Sector,Outer Rim
Mattri,O10,,Inner Rim
Mawan,M11,,Core
Maya Kovel,H16,Moddell,Outer Rim
Mayvitch,L8,Immalia,Expansion Region
Meastrinnar,K8,,Inner Rim
Mechis III,L14,,Inner Rim
Media,S4,Corporate Sector,Outer Rim
Medth,M17,Ado,Mid Rim
Mek va Uil,O13,Surron,Expansion Region
Melnea's World,R16,Arkanis,Outer Rim
Mendicat,I8,Freestanding Subsectors,Expansion Region
Mephout,H20,,Wild Space
Merakai,K9,,Core
Merren,O14,Chaykin,Expansion Region
Merson,O10,Airon,Inner Rim
Meryx Minor,O19,Sujimis,Outer Rim
Messert,Q10,Mytaranor,Mid Rim
Metalorn,R8,Talcene,Mid Rim
Metellos,K9,,Core
Mev,K18,Anoat,Outer Rim
Mexeluine,K18,Anoat,Outer Rim
Mijos,K18,Anoat,Outer Rim
Mika,R17,Arkanis,Outer Rim
Milagro,O14,Chaykin,Expansion Region
Milarian,R16,Trans-Nebular,Mid Rim
Millinar,O9,Hapes Cluster,Inner Rim
Milvayne,L8,,Inner Rim
Mimban,O12,Circarpous,Expansion Region
Minashee,K5,Cassander,Outer Rim
Mindabaal,J13,,Inner Rim
Mindor,M8,,Inner Rim
Minntooine,T6,Calamari,Outer Rim
Mirial,Q4,I-Sector,Outer Rim
Miztoc,K17,Irnaj,Mid Rim
Modus,O9,Hapes Cluster,Inner Rim
Mogoshyn,P5,Gordian Reach,Outer Rim
Mokk IX,N10,,Inner Rim
Molavar,S15,Abrion,Outer Rim
Moltok,L5,Atrivis,Outer Rim
Momansi,O15,Brevost,Expansion Region
Mon Calamari,U6,Calamari,Outer Rim
Mon Gazza,Q16,Lambda,Mid Rim
Monastery,Q14,Haserian,Mid Rim
Mondress,J7,Mandress,Expansion Region
Monhudle,K5,Cassander,Outer Rim
Monor,P15,Doldur,Mid Rim
Montitia,J15,Mintitian Grant,Expansion Region
Moonus,R14,Bothan Space,Mid Rim
Moorja,L15,,Inner Rim
Moralan,T10,Hutt Space,Hutt Space
Mordagon,P12,Authala,Expansion Region
Morellia,S3,,Wild Space
Morishim,K5,Albarrio,Outer Rim
Mortis,K2,,Wild Space
Mossak,R6,Thanium,Outer Rim
Motexx,M13,,Colonies
Mrlsst,L13,,Colonies
Msst,P7,Msst,Mid Rim
Mugaar,K18,Bruanii,Mid Rim
Mulatan,S10,Hutt Space,Hutt Space
Mullan,T6,Keldrath,Outer Rim
Munto Codru,T6,Pakuuni,Outer Rim
Murgo,I7,Freestanding Subsectors,Mid Rim
Murk,H16,Moddell,Outer Rim
Murkhana,S6,Auril,Outer Rim
Mussubir,L17,Senex,Mid Rim
Mustafar,L19,Atravis,Outer Rim
Muunilinst,K4,Obtrexta,Outer Rim
Muzara,K8,Trestis,Expansion Region
Mygeeto,K5,Albarrio,Outer Rim
Myomar,J7,Deadalis,Expansion Region
Myrkr,N7,,Inner Rim
Mytaranor,P10,Mytaranor,Mid Rim
Mytus,S3,,Wild Space
N'Zoth,K10,,Core
Naalol,L17,Spirva,Mid Rim
Naboo,O17,Chommel,Mid Rim
Nadiem,U11,Baxel,Outer Rim
Najarka,J19,Rayter,Outer Rim
Najiba,R17,Arkanis,Outer Rim
Nal Hutta & Nar Shaddaa,S12,Hutt Space,Hutt Space
Nam Chorios,R6,Meridian,Outer Rim
Nam'ta,L5,Atrivis,Outer Rim
Namadii,I6,Churnis,Mid Rim
Nantama,L17,Senex,Mid Rim
Nanth'ri,Q12,Kurost,Mid Rim
Nantuker,O9,Hapes Cluster,Inner Rim
Naos,S18,,Wild Space
Naporar,F8,Chiss Ascendancy,Unknown Regions
Nar Bo Sholla,R10,Hutt Space,Hutt Space
Nar Chunna,S10,Hutt Space,Hutt Space
Nar Haaska,T11,Hutt Space,Hutt Space
Nar Kaaga,S13,Hutt Space,Hutt Space
Nar Kreeta,S10,Hutt Space,Hutt Space
Nara,L9,,Colonies
Nars,L17,Senex,Mid Rim
Natalon,K16,Piryn SHar,Expansion Region
Nathema,S4,Chorlian,Outer Rim
Nazzri,P9,Dona Laza,Expansion Region
Near Indosa,P6,Gordian Reach,Outer Rim
Near Pando,S14,Hutt Space,Hutt Space
Nedij,Q19,Merel,Outer Rim
Needan,I20,,Wild Space
Neelanon,L17,Senex,Mid Rim
Neelgaimon,Q3,Xappyh,Outer Rim
Neimoidia,M10,,Colonies
Nelvaan,Q16,Savareen,Outer Rim
Nentan,K7,Clythe,Mid Rim
Nepoy,L17,Senex,Mid Rim
Neshtab,K8,,Inner Rim
Nessem,M8,Lostar,Expansion Region
New Alderaan,T6,Ash Worlds,Outer Rim
New Apsolon,P10,Terr'skiar,Mid Rim
New Ator,R16,Arkanis,Outer Rim
New Bakstre,K5,Cassander,Outer Rim
New Balosar,K16,Arc d'Stot,Expansion Region
New Cov,P14,Churba,Mid Rim
New Cylimba,L17,D'Aelgoth,Mid Rim
New Heurkea,U6,Calamari,Outer Rim
New Holstice,R7,Maldrood,Mid Rim
Nexus Ortai,Q14,Hertae,Mid Rim
Nez Peron,O5,D'Astan,Outer Rim
Nfolgai,R4,Sith Worlds,Outer Rim
Nicht Ka,R5,Sith Worlds,Outer Rim
Nierport,L8,,Colonies
Nigel,N16,Vish,Mid Rim
Nim Drovis,R7,Meridian,Outer RIm
Nimat,T8,Tharin,Outer Rim
Nimban,S10,Hutt Space,Hutt Space
Nimia,S9,Hutt Space,Hutt Space
Ninn,R3,Corporate Sector,Outer Rim
Ninzan,P17,Ryndellian,Mid Rim
Nirauan,I5,,Wild Space
Nivek,O14,Citlik,Expansion Region
Nixor,Q12,Eclorar,Mid Rim
Nkllon,L16,Alchenaut,Expansion Region
Noe'ha'on,K16,Piryn SHar,Expansion Region
Noe'ha'on,K16,Piryn SHar,Expansion Regions
Nooli,Q13,Noolian,Mid Rim
Noonar,M6,Halthor,Outer Rim
Noquivzor,K9,,Colonies
Norah,L14,,Inner Rim
Noris,F8,Chiss Ascendancy,Unknown Regions
Norkronia,K10,,Core
Norval,T9,Calaron,Outer Rim
Nothoiin,K18,Anoat,Outer Rim
Nouane,N8,Nouane,Inner Rim
Novi,O9,Hapes Cluster,Inner Rim
Nubia,M11,,Core
Null,N7,Trans'Vulta,Mid Rim
Nuralee,N16,Tyus,Mid Rim
Nuswatta,S6,Cronese Mandate,Outer Rim
Nuvar,N17,Dustig,Mid Rim
Nyny,T7,Ash Worlds,Outer Rim
Obana,R16,Arkanis,Outer Rim
Obredaan,K6,Irishi,Mid Rim
Obroa-skai,N8,,Inner Rim
Ocsin,S3,Corporate Sector,Outer Rim
Odacer-Faustin,Q5,Esstran,Outer Rim
Odik,K11,,Deep Core
Ogem,L17,D'Aelgoth,Mid Rim
OHS1782-03,T7,Ash Worlds,Outer Rim
OHS2132-04,T7,Ash Worlds,Outer Rim
OHS3842-03,T7,Ash Worlds,Outer Rim
OHS4140-02,T7,Ash Worlds,Outer Rim
Ojom,M11,,Deep Core
Old Mankoo,N17,Quess,Mid Rim
Omar,K13,,Colonies
Omonoth,M8,,Inner Rim
Ompersan,K5,Prefsbelt,Outer Rim
Omwat,N18,Garis,Outer Rim
Onderon & Dxun,O9,Japrael,Inner Rim
Ool,E8,Chiss Ascendancy,Unknown Regions
Ooo-temiuk,R16,Arkanis,Outer Rim
Oovo,S8,Tharin,Outer Rim
Ophideraan,K13,,Colonies
Opiteihr,M16,Var Hagen,Mid Rim
Orax,L20,Subterrel,Outer Rim
Ord Antalaha,L8,,Colonies
Ord Biniir,L5,Relgim,Outer Rim
Ord Canfre,K5,Cassander,Outer Rim
Ord Cantrell,K6,Fath,Outer Rim
Ord Cestus,O6,D'Astan,Outer Rim
Ord Grovner,O18,Khuiumin,Outer Rim
Ord Ibanna,M17,Brema,Outer Rim
Ord Lithone,L8,,Inner Rim
Ord Mantell,L7,Bright Jewel,Mid Rim
Ord Mirit,K9,,Colonies
Ord Pardron,R15,Dufilvian,Mid Rim
Ord Radama,Q5,Esstran,Outer Rim
Ord Sedra,K4,Clacis,Outer Rim
Ord Sigatt,N6,Noonian,Outer Rim
Ord Tessebok,K6,Irishi,Mid Rim
Ord Thoden,J4,Dynali,Outer Rim
Ord Tiddell,Q7,Tennuutta,Mid Rim
Ord Trasi,L4,Relgim,Outer Rim
Ord Varee,J7,Belshar,Mid Rim
Ord Vaug,L15,Rocantor,Expansion Region
Ord Vaxal,N13,Callia,Inner Rim
Ordo,O7,Mandalore,Outer Rim
Orelon,O9,Hapes Cluster,Inner Rim
Oricon,P3,Corva,Outer Rim
Orinda,K6,Irishi,Mid Rim
Orleon,Q8,Talcene,Mid Rim
Orn Kios,K18,Yarith,Outer Rim
Ornfra,F8,Chiss Ascendancy,Unknown Regions
Orondia,S11,Hutt Space,Hutt Space
Orron,S4,Corporate Sector,Outer Rim
Orto Plutonia,P19,Sujimis,Outer Rim
Orvax,R17,Savareen,Outer Rim
Osadia,,,Core
Oseon,T8,Centrality,Outer Rim
Oslumpex,S4,Corporate Sector,Outer Rim
Osmani,L18,Senex,Mid Rim
Ossel,L18,Bozhnee,Outer Rim
Ossiathora,L17,Juvex,Mid Rim
Osssorck Nebulae,J12,,Core
Ossus,R6,Auril,Outer Rim
Ota,Q10,Mytaranor,Mid Rim
Ottabesk,M11,,Deep Core
Outland Transit,T12,Hutt Space,Hutt Space
Ovise,H16,Moddell,Outer Rim
Oyokal,E8,Chiss Ascendancy,Unknown Regions
Ozu,K18,Javin,Outer Rim
Pa Tho,K14,,Inner Rim
Pakuuni,T6,Pakuuni,Outer Rim
Palanhi,K9,,Colonies
Palawa,L10,,Core
Pallaxides,N7,Noonian,Outer Rim
Pammant,U6,Calamari,Outer Rim
Pamorjal,N14,Immerian Outback,Expansion Region
Panatha,H16,Pacanth Reach,Outer Rim
Pantolomin,K9,,Core
Pantora,P19,Sujimis,Outer Rim
Paonid,O8,,Inner Rim
Paqualis III,L8,,Inner Rim
Paqwepor Major,P15,Paqwepori,Mid Rim
Parada,L17,Hadar,Mid Rim
Paramatan,L17,Senex,Mid Rim
Parcelus Minor,O12,Parcelus,Expansion Region
Parkis,M10,,Colonies
Parshoone,J4,,Wild Space
Parthovian Cluster,T4,,Wild Space
Pasmin,S6,Cronese Mandate,Outer Rim
Patitite Pattuna,L7,Bright Jewel,Mid Rim
Paulking,U8,Centrality,Outer Rim
Pavo Prime,N10,,Inner Rim
Pax,N16,Kira,Expansion Region
Peg Shar,R8,Halla,Mid Rim
Pencael,M12,,Colonies
Pendari,K16,Vensensor,Expansion Region
Pengalan,O8,,Inner Rim
Per Lupelo,L8,,Inner Rim
Peragus II,Q4,Xappyh,Outer Rim
Pergitor,M20,Minos,Outer Rim
Perin,S3,Corporate Sector,Outer Rim
Perithal VI,N13,,Inner Rim
Perma,M11,,Core
Pesfavri,G8,,Unknown Regions
Pesmenben,Q11,Teraab,Mid Rim
Petabys Station,J16,Halm,Mid Rim
Phaeda,L6,Cademimu,Outer Rim
Phaegon_III,N17,Grumani,Outer Rim
Phaseera,P8,Lantillian,Mid Rim
Phateem,N8,,Inner Rim
Phelope,O9,Hapes Cluster,Inner Rim
Phindar,P6,Demetras,Outer Rim
Pho Ph'eah,P5,Kalamith,Outer Rim
Phu,J13,,Colonies
Pieldi,L18,Juvex,Mid Rim
Pii,R16,Arkanis,Outer Rim
Pinperu,U6,Calamari,Outer Rim
Pirin,O8,Locris,Expansion Region
Piroket,R16,Arkanis,Outer Rim
Pirralor,L18,Juvex,Mid Rim
Pitrolea,L14,,Inner Rim
Pizilis,P10,Terr'skiar,Mid Rim
Plesstil,L3,Veragi,Outer Rim
Plexis,L13,,Core
Ploo,N7,Ploo,Expansion Region
Plooma,L3,Veragi,Outer Rim
Pluthan,U8,,Wild Space
Poderis,M8,Orus,Inner Rim
Polis Massa,K20,Subterrel,Outer Rim
Pollillus,J10,,Core
Polmanar,K18,Anoat,Outer Rim
Poln System,J5,,Outer Rim
Polus,M6,Oricho,Outer Rim
Pondut Station,S4,Corporate Sector,Outer Rim
Porchello,J17,Elbaran,Mid Rim
Port Evokk,L18,Senex,Mid Rim
Porus Vida,O9,,Inner Rim
Poseidenna,U7,Calamari,Outer Rim
Povanaria,P6,Gordian Reach,Outer Rim
Poviduze,J14,Freestanding Subsectors,Expansion Region
Poytta,T12,Hutt Space,Hutt Space
Praadost,P4,Nembus,Outer Rim
Praesitlyn,M19,Sluis,Outer Rim
Prakith,K10,,Deep Core
Prazhi,O12,Cyrillian Protectorate,Expansion Region
Prefsbelt,K5,Prefsbelt,Outer Rim
Presbalin,P6,Gordian Reach,Outer Rim
Presteen,L17,Senex,Mid Rim
Pria,M10,,Core
Primus Goluud,L10,,Deep Core
Prishella,T10,Kessel,Outer Rim
Pusat Station,R8,Bortele,Mid Rim
Pybus,S11,Hutt Space,Hutt Space
Pygorix,Q6,Gordian Reach,Outer Rim
Pypin,R3,Trianii,Wild Space
Pzob,T15,Herios,Outer Rim
Q'mara,L18,Juvex,Mid Rim
Qat Chrystac,L16,Parnabe,Expansion Region
Qiilura,L7,Bright Jewel,Mid Rim
Qina,H16,Moddell,Outer Rim
Qonto,J3,,Wild Space
Quaensan Prime,J17,Gendius,Mid Rim
Quamar,K17,Bruanii,Mid Rim
Quarzite,M13,,Inner Rim
Quas Killam,P10,Couronne,Expansion Region
Quelii,O6,Quelii,Outer Rim
Quell,Q6,Nuiri,Outer Rim
Quellor,N12,,Colonies
Quermia,S5,Nilgaard,Outer Rim
Ques,S8,Hutt Space,Hutt Space
Quesaya,L15,Andirma,Expansion Region
Quesh,S10,Hutt Space,Hutt Space
Questal,J12,,Core
Queyta,M19,Danjar,Outer Rim
Quintas,J19,Kriz,Outer Rim
R-Duba,T15,Quiberon,Outer Rim
R'alla,S3,Corporate Sector,Outer Rim
Radnor,Q16,Daimar,Mid Rim
Rafa,T8,Centrality,Outer Rim
Ragith,N15,Majoor,Expansion Region
Ragna,Q16,Daimar,Mid Rim
Rago,I7,Rago,Mid Rim
Ragoon,K9,,Core
Rainboh,O9,Hapes Cluster,Inner Rim
Rainos CLuster,L15,Rocantor,Expansion Region
Raithal,M9,,Colonies
Rakata Prime,G11,,Unknown Regions
Rakhuuun,P9,Mytaranor,Mid Rim
Ralltiir,L9,,Core
Ramordia,N15,Majoor,Expansion Region
Rampa,S4,Corporate Sector,Outer Rim
Rampa Minor,U12,Baxel,Outer Rim
Randon,Q10,Mytaranor,Mid Rim
Rannon,T17,Instrop,Outer Rim
Ranroon,R5,Mortex,Outer Rim
Rasterous,O10,,Inner Rim
Rattatak,H16,Trilon,Outer Rim
Raxus,S5,Tion Hegemony,Outer Rim
Raxxa,M10,,Core
Raydonia,O6,Belsmuth,Outer Rim
Rbollea,O9,Hapes Cluster,Inner Rim
Rearqu Cluster,P8,Taldot,Mid Rim
Reboam,O9,Hapes Cluster,Inner Rim
Recopia,M11,,Core
Red Nebula,G21,,Wild Space
Reecee,J8,,Inner Rim
Refnar,T6,Pakuuni,Outer Rim
Reginard,T6,Pakuuni,Outer Rim
Rehemsa,M11,,Core
Rekkiad,,Chorlian,Outer Rim
Relatta,N8,,Inner Rim
Relephon,O9,Hapes Cluster,Inner Rim
Reltooine,R3,Corporate Sector,Outer Rim
Renatasia,U8,Centrality,Outer Rim
Rendili,M11,,Core
Renillis,L14,,Inner Rim
Rentor,F8,Chiss Ascendancy,Unknown Regions
Resht,N10,,Colonies
Resti Kel,L18,Juvex,Mid Rim
Retep,Q16,Daimar,Mid Rim
Rettna,Q11,Essaga,Mid Rim
Reuss,P18,Cor'ric,Outer Rim
Revyia,L2,Veragi,Outer Rim
Reytha,O12,Harron,Expansion Region
Rhelg,R5,Sith Worlds,Outer Rim
Rhen Var,R6,Belderone,Outer Rim
Rhigar,E9,Chiss Ascendancy,Unknown Regions
Rhinnal,L9,,Core
Rhommamool,N13,Merthian,Expansion Region
Riflor,J16,Narrant,Mid Rim
Riileb,T12,Hutt Space,Hutt Space
Rimcee Station,J3,Braxant,Outer Rim
Rindao,L17,Hadar,Mid Rim
Ring of Kafrene,J15,Thand,Expansion Region
Ringneldia,T8,Centrality,Outer Rim
Ringo Vinda,R7,Eucer,Mid Rim
Rinn,U12,Baxel,Outer Rim
Rintonne,P16,Lambda,Mid Rim
Rishi,S15,Abrion,Outer Rim
Rnda,T10,Kessel,Outer Rim
Roche,Q8,Roche,Mid Rim
Rodia,Q16,Savareen,Outer Rim
Roldalna,N16,Vish,Mid Rim
Romin,Q8,Romintine,Mid Rim
Rondai,J8,,Inner Rim
Ronyards,N13,,Inner Rim
Roon,S15,Abrion,Outer Rim
Roona,L15,Bes Ber Bikade,Expansion Region
Ropagi,N16,Kira,Expansion Region
Roqoo Depot,O9,Hapes Cluster,Inner Rim
Rorak,S12,Hutt Space,Hutt Space
Rorgam,P10,Terr'skiar,Mid Rim
Rothana,T15,Quiberon,Outer Rim
Roundtree,M14,,Inner Rim
Roxuli,I8,Freestanding Subsectors,Expansion Region
Rrulinn,K17,Yushan,Mid Rim
Ruan,K10,,Core
Rudrig,S6,Tion Hegemony,Outer Rim
Rugosa,O17,Sanbra,Outer Rim
Ruisto,U6,Calamari,Outer Rim
Rulaar,L17,Senex,Mid Rim
Runaway Prince,R11,Hutt Space,Hutt Space
Rustibar,J7,Churnis,Mid Rim
Rutan,L20,Atravis,Outer Rim
Ruul,M10,,Core
Ruuria,Q3,Xappyh,Outer Rim
Ruusan,P11,Teraab,Mid Rim
Rydonni Prime,M11,,Core
Ryloon,J5,Velcar,Outer Rim
Ryloth,R17,Gaulus,Outer Rim
Ryndellia,O17,Ryndellian,Mid Rim
Rynmar,O9,Hapes Cluster,Inner Rim
Ryoone,I17,Wazta,Outer Rim
Ryvellia,O14,Treffani,Expansion Region
Saclas,S4,Corporate Sector,Outer Rim
Sacorria,M11,,Core
Saffalore,S4,Corporate Sector,Outer Rim
Sagar,N13,,Inner Rim
Saijo,K20,Saijo,Outer Rim
Saila Na,K18,Anoat,Outer Rim
Sakidopa,S11,Hutt Space,Hutt Space
Sakiduba,S11,Hutt Space,Hutt Space
Sakifwanna,T11,Hutt Space,Hutt Space
Sakiya,S11,Hutt Space,Hutt Space
Saleucami,S8,Suolriep,Outer Rim
Salient,S3,Corporate Sector,Outer Rim
Salin,N5,Sprizen,Outer Rim
Salliche,K10,,Core
Salvara,Q8,Tennuutta,Mid Rim
Samaria,M11,,Core
Sanbra,O17,Sanbra,Outer Rim
Sanctuary,U7,Calamari,Outer Rim
Sanjin,M13,,Colonies
Sanrafsix,N17,Grumani,Outer Rim
Sanyassa,H16,Moddell,Outer Rim
Sanza,P14,Sloo,Mid Rim
Saqqar,T11,Hutt Space,Hutt Space
Sarapin,M10,,Core
Sargon,O9,Hapes Cluster,Inner Rim
Sarka,Q8,Sarka,Mid Rim
Sarko,O12,Venzeiia,Expansion Region
Sarrish,K16,Vensensor,Expansion Regions
Sarvchi,F9,Chiss Ascendancy,Unknown Regions
Savareen,Q16,Savareen,Outer Rim
Scardia,P12,Inra-su-Mar,Expansion Region
Scarif,S15,Abrion,Outer Rim
Schesa,F8,Chiss Ascendancy,Unknown Regions
Scillal,T8,Centrality,Outer Rim
Scipio,K5,,Outer Rim
Sedesia,O16,Druess,Mid Rim
Sedratis,M11,,Core
Seelos,Q4,Kwymar,Outer Rim
Selab,O9,Hapes Cluster,Inner Rim
Selenius,L17,D'Aelgoth,Mid Rim
Seline,M3,Dalonbian,Outer Rim
Selitan,P6,Gordian Reach,Outer Rim
Selsor,O14,Zarracina,Expansion Region
Seltos,N16,Vish,Mid Rim
Selvaris,I9,,Inner Rim
Sembla,S5,Sertar,Outer Rim
Senex,L17,Senex,Mid Rim
Sennex,O9,Hapes Cluster,Inner Rim
Seoul,H20,,Wild Space
Sepan,P13,Sepan,Expansion Region
Serat,L18,Senex,Mid Rim
Serenno,P5,D'Astan,Outer Rim
Sermeria,O8,Locris,Expansion Region
Sernpidal,L3,Dalonbian,Outer Rim
Serroco,N7,Ploo,Expansion Region
Sestria,M13,,Core
Sev Tok,Q11,Kurost,Mid Rim
Sevarcos,N19,Tamarin,Outer Rim
Seyugi,M11,,Core
Shadda-Bi Boran,O18,Toblain,Outer Rim
Shador,Q13,Maerdocia,Mid Rim
Shalam,M7,,Inner Rim
Sharb,F8,Chiss Ascendancy,Unknown Regions
Sharlissia,N18,Bon'nyuw-Luq,Outer Rim
Shasfath,J14,,Inner Rim
Shaum Hii,N5,Tragan Cluster,Outer Rim
Shawken,L9,,Core
Shaylin,T6,Pakuuni,Outer Rim
Shedu Maad,O9,Hapes Cluster,Inner Rim
Shelkonwa,M9,,Colonies
Shibric,N14,,Inner Rim
Shiffrin,T15,Tammuz,Outer Rim
Shihon,E8,Chiss Ascendancy,Unknown Regions
Shili,L8,Ehosiq,Expansion Region
Shimia,R17,Dalchon,Outer Rim
Shinbone,T17,Instrop,Outer Rim
Shiva,L21,,Wild Space
Shola,U14,Tammuz,Outer Rim
Shoon,L18,Senex,Mid Rim
Shuldene,J18,Yarith,Outer Rim
Shulstine,M9,,Colonies
Shulxi,L12,,Core
Shumavar,L19,Atravis,Outer Rim
Shumogi,M12,,Core
Shusugaunt,L4,Raioballo,Outer Rim
Shuxl,K18,Yarith,Outer Rim
Sif-Uwana,K8,,Colonies
Sika,O15,Brevost,Expansion Region
Sikurd,Q4,I-Sector,Outer Rim
Sil'Lume,K19,Kriz,Outer Rim
Silken,O20,,Wild Space
Simoom,L18,Senex,Mid Rim
Simpla,P5,Kalamith,Outer Rim
Sinsang,L4,Raioballo,Outer Rim
Sinton,I7,Rago,Mid Rim
Sionia,S10,Hutt Space,Hutt Space
Sirpar,R17,Arkanis,Outer Rim
Siskeen,R17,Hunnovers,Outer Rim
Sivoria,O9,Hapes Cluster,Inner Rim
Skako,L9,,Core
Skartis,L17,Senex,Mid Rim
Skeebo,U8,Shadola,Outer Rim
Skor,M20,Airam,Outer Rim
Skorrupon,N7,Trans'Vulta,Mid Rim
Skustell Cluster,N19,Tarabba,Outer Rim
Skye,H19,Varada,Outer Rim
Skynara,P19,Skine,Outer Rim
Sleheyron,S10,Hutt Space,Hutt Space
Sluis Van,M19,Sluis,Outer Rim
Smarteel,U14,,Wild Space
Smuggler's Run,S18,Gaulus,Outer Rim
Sneeve,Q10,Kastolar,Mid Rim
Sochi,M9,,Inner Rim
Socorro,Q17,Kiblini,Outer Rim
Solibus,K15,Chitarghar,Expansion Region
Somov Rit,R15,Onatos,Mid Rim
Sorjus,R7,Meridian,Outer Rim
Sorrus,O5,Kalamith,Outer Rim
Soullex,P3,Corva,Outer Rim
Soun,J8,Freestanding Subsectors,Expansion Region
Spefik,L5,Atrivis,Outer Rim
Spice Terminus,P18,Parmic,Outer Rim
Spintir,Q6,Gordian Reach,Outer Rim
Spira,L10,,Core
Spirador,Q14,Tandon,Mid Rim
Spirana,N13,,Inner Rim
Sposia,F8,Chiss Ascendancy,Unknown Regions
Sriluur,S8,Periphery,Outer Rim
Stalsinek,O9,Hapes Cluster,Inner Rim
StarForge Nebula,M17,Ado,Mid Rim
Starswarm Cluster,L10,,Deep Core
Stassia,K10,,Core
Station 88,J7,Vorc,Mid Rim
Steelious,K13,,Core
Stend,P17,Juris,Outer Rim
Stenos,R5,Spadja,Outer Rim
Stobar,M15,Boeus,Expansion Regions
Stygeon Prime,Q7,Nuiri,Outer Rim
Suarbi,O19,Quence,Outer Rim
Subterrel,L20,Subterrel,Outer Rim
Sukkult,L14,,Inner Rim
Suliana,L18,Senex,Mid Rim
Sullust,M17,Brema,Outer Rim
Sump,I18,Koradin,Outer Rim
Surcaris,O7,Trans'Vulta,Mid Rim
Surron,O13,Surron,Expansion Region
Svivren,O19,Svivreni,Outer Rim
Svolten,R4,Sith Worlds,Outer Rim
Swellen,L20,Airam,Outer Rim
Sy Myrth,S7,Jospro,Outer Rim
Symbia,K10,,Deep Core
Syned,N17,Garis,Outer Rim
Syngia,R5,Sertar,Outer Rim
Syvris,T13,Al-Nasrl,Outer Rim
T'surr,P12,Nuon e Safyd,Expansion Region
Taanab,O8,,Inner Rim
Taboon,O10,Airon,Inner Rim
Takodana,J16,,Mid Rim
Tal Nami,R9,Hutt Space,Hutt Space
Tala,N9,,Inner Rim
Talasea,N11,,Colonies
Talay,Q16,Dufilvian,Mid Rim
Talcene,Q8,Talcene,Mid Rim
Talcharaim,O9,Hapes Cluster,Inner Rim
Talhovi,K18,Juvex,Mid Rim
Taloraan,I15,Freestanding Subsectors,Expansion Region
Talravin,M10,,Core
Tamban,K10,,Core
Tammar,T8,Tharin,Outer Rim
Tammuz-an,T14,Tammuz,Outer Rim
Tandankin,R6,Spadja,Outer Rim
Tandun,P5,Kalamith,Outer Rim
Tangrene,O4,Morshdine,Outer Rim
Tanjay,K9,,Core
Tantive,Q4,Kwymar,Outer Rim
Tar Mordren,K16,Vensensor,Expansion Region
Tarabba,M19,Tarabba,Outer Rim
Taral V,U7,Calamari,Outer Rim
Targon,U7,,Wild Space
Tarhassan,O11,Harron,Expansion Region
Taris,N7,Ojoster,Outer Rim
Tarmidia,O13,Kailion,Expansion Region
Tarnoonga,R17,Arkanis,Outer Rim
Taroon,N20,Rseik,Outer Rim
Tarsa,L17,D'Aelgoth,Mid Rim
Tarsunt,R14,Bothan Space,Mid Rim
Tasariq,J14,,Inner Rim
Tashtor Seneca,J16,Tashtor,Mid Rim
Taskeed,S7,Tharin,Outer Rim
Taspir III,J4,Dynali,Outer Rim
Tatooine,R16,Arkanis,Outer Rim
Tauber,L14,Jaso,Inner Rim
Taul,J18,Kriz,Outer Rim
Teardrop,M9,,Colonies
Tekurr'k,L18,Senex,Mid Rim
Telaris,T6,Pakuuni,Outer Rim
Telerath,N7,Nouane,Inner Rim
Telkur Station,O9,Hapes Cluster,Inner Rim
Telos,Q4,Kwymar,Outer Rim
Telti,N10,,Inner Rim
Tenara,Q6,Gordian Reach,Outer Rim
Tepasi,L9,,Core
Terephon,O9,Hapes Cluster,Inner Rim
Terman,S8,Hutt Space,Hutt Space
Terminus,K20,Kallea,Outer Rim
Terr'Skiar,P10,Terr'skiar,Mid Rim
Terrijo,O12,Venzeiia,Expansion Region
Tertiary Feswe,P6,Gordian Reach,Outer Rim
Tertiary Kesmere,L4,Raioballo,Outer Rim
Teth,U12,Baxel,Outer Rim
Teya IV,M7,Lostar,Expansion Region
Teyr Vulvarch,L13,,Colonies
Thaere,O14,Thaere,Expansion Region
Thakwaa,I19,Tunka,Outer Rim
Thalassia,P4,Meram,Outer Rim
Thanium,R6,Thanium,Outer Rim
Thape,Q15,Xan,Mid Rim
The Cometwash,Q6,Gordian Reach,Outer Rim
The Godsheart,T11,Hutt Space,Hutt Space
The Maw,T10,Kessel,Outer Rim
The Red Twins,I7,Freestanding Subsectors,Mid Rim
The Redoubt,H7,,Unknown Regions
The Ring,K18,Anoat,Outer Rim
The Wheel,R7,Maldrood,Mid Rim
Thearterra,E8,Chiss Ascendancy,Unknown Regions
Thebeon,K12,,Core
Thermon,L17,Juvex,Mid Rim
Theselon,O9,Hapes Cluster,Inner Rim
Thesme,O5,Thesme,Outer Rim
Thila,Q4,I-Sector,Outer Rim
Thisspias,O8,Farstey,Expansion Region
Thoadeye,M11,,Deep Core
Thokos,L9,,Core
Thokosia,Q13,Maerdocia,Mid Rim
Tholatin,P10,Mytaranor,Mid Rim
Thomork,L12,,Core
ThonBoka,U8,Centrality,Outer Rim
Thonner,H16,Moddell,Outer Rim
Thoran,R14,Manda,Mid Rim
Thorgeld,L9,,Core
Thosa,R4,Tynquay,Outer Rim
Thracior,K12,,Core
Thrakia,O9,Hapes Cluster,Inner Rim
Thrantin,J9,Ollonir Boundaries[,Colonies
Thule,Q5,Esstran,Outer Rim
Thull's Vault,K18,Juvex,Mid Rim
Thustra,O7,Sumitra,Expansion Region
Thyferra,L14,Jaso,Inner Rim
Tibrin,L18,Hadar,Mid Rim
Tibro,N9,,Colonies
Tierfon,O7,Dentari,Expansion Region
Timora,G16,Bakura,Outer Rim
Tinallis,L18,Juvex,Mid Rim
Tinnel,M12,,Core
Tinoon,K18,Anoat,Outer Rim
Tinta,O9,Hapes Cluster,Inner Rim
Tion,S5,Tion Hegemony,Outer Rim
Tirahnn,N8,Zeemacht Cluster,Inner Rim
Tirsa,S4,Corporate Sector,Outer Rim
Tisht,T11,Hutt Space,Hutt Space
Tiss'sharl,R4,Xappyh,Outer Rim
Tlactehon,O13,Kailion,Expansion Region
Togominda,K18,Yarith,Outer Rim
Togoria,P9,Taldot,Mid Rim
Tokmia,K18,Anoat,Outer Rim
Tol Amn,R11,Hutt Space,Hutt Space
Tomo-Reth,L14,,Inner Rim
Toola,S5,Nilgaard,Outer Rim
Toong'l,T7,Jubilar,Outer Rim
Toprawa,P5,Kalamith,Outer Rim
Torn Station,P10,Terr'skiar,Mid Rim
Torolis,Q13,Noolian,Mid Rim
Torque,P6,Gordian Reach,Outer Rim
Tosste,L19,Atravis,Outer Rim
Tothis,S3,Corporate Sector,Outer Rim
Tovarskl,J4,,Wild Space
Toydaria,R11,Hutt Space,Hutt Space
Trammen,O11,Harron,Expansion Region
Trammis,U8,Centrality,Outer Rim
Trancret,Q7,Perkell,Mid Rim
Trandosha,P9,Mytaranor,Mid Rim
Transel,L13,,Colonies
Tranthellix,L18,Senex,Mid Rim
Trantor,M10,,Core
Trasse,Q8,Sarka,Mid Rim
Trassitan,L3,Veragi,Outer Rim
Tregillis,M15,Tregillis,Expansion Region
Trellen,M11,,Core
Trenwyth,I16,Stensen,Outer Rim
Trevi,N17,Quess,Mid Rim
Trevura,K14,,Inner Rim
Trian,R3,Trianii,Wild Space
Triewahl,M7,Homon,Mid Rim
Triffis,O15,Hevvrol,Mid Rim
Trigalis,P17,Cadavine,Outer Rim
Trindello,H16,Moddell,Outer Rim
Trinovat,P6,Gordian Reach,Outer Rim
Triton,M18,Mayagil,Outer Rim
Trogan,R7,Jospro,Outer Rim
Troiken,S4,Colundra,Outer Rim
Troos,Q5,Gordian Reach,Outer Rim
Troska,J6,Dantus,Outer Rim
Trunska,J13,,Colonies
Truuine,O11,,Inner Rim
Tshindral,M17,Ado,Mid Rim
Tsoss Beacon,L11,,Deep Core
Tsyk,T13,Hutt Space,Hutt Space
Tumani,O9,Hapes Cluster,Inner Rim
Tund,U8,Centrality,Outer Rim
Turkana,T6,Pakuuni,Outer Rim
Twith,K9,,Core
Tyed Kant,M10,,Core
Tyluun,L18,Juvex,Mid Rim
Tynna,N14,Tynna,Expansion Region
Tythe,Q16,Savareen,Outer Rim
Tython,L10,,Deep Core
Tyus Cluster,N16,Tyus,Mid Rim
Uaua,U8,Centrality,Outer Rim
Uba,J6,Barsa,Mid Rim
Ubrikkia,Q10,Kastolar,Mid Rim
Ukatis,L15,,Inner Rim
Ukio,S15,Abrion,Outer Rim
Ulda Frav,P11,Hangshan,Expansion Region
Ulicia,S3,Corporate Sector,Outer Rim
Ulmatra,S10,Hutt Space,Hutt Space
Ultaar,R8,Bortele,Mid Rim
Umbara,P10,Ghost Nebula,Expansion Region
Umgul,N16,Mulgard,Mid Rim
Umthyg,K18,Juvex,Mid Rim
Unagin,T13,Al-Nasrl,Outer Rim
Uogo'cor,Q10,Trax,Mid Rim
Uphrades,M8,,Inner Rim
Uquine,N10,,Colonies
UR-1060,H16,Moddell,Outer Rim
UR-2650,H16,Moddell,Outer Rim
UR-3741,H16,Moddell,Outer Rim
UR-8827,H16,Moddell,Outer Rim
UR-9353,H16,Moddell,Outer Rim
Urce,L6,Urce,Mid Rim
Urdur,S4,Corporate Sector,Outer Rim
Usk,T10,Hutt Space,Hutt Space
Usnia,L18,Senex,Mid Rim
Usta,Q6,Gordian Reach,Outer Rim
Ut,O9,Hapes Cluster,Inner Rim
Utapau,N19,Tarabba,Outer Rim
Utaruun,R16,Arkanis,Outer Rim
Utegetu Nebula,I8,Freestanding Subsectors,Mid Rim
Utrost,L9,,Core
Uviuy Exen,L9,,Colonies
Uyter,P9,Lantillian,Mid Rim
Vaal,P5,Gordian Reach,Outer Rim
Vaathkree,S8,Periphery,Outer Rim
Vaced,J7,Jalor,Mid Rim
Vactooine,R16,Arkanis,Outer Rim
Vakkar,K9,Fakir,Colonies
Vaklin,M14,,Inner Rim
Valc,J4,Perinn,Outer Rim
Valgauth,P9,Nojic,Expansion Region
Vallusk Cluster,Q6,Gordian Reach,Outer Rim
Valorsi,L17,Juvex,Mid Rim
Valrar,J7,Clythe,Mid Rim
Vandelhelm,M15,Epsi Collective,Expansion Region
Vandor,P14,Sloo,Mid Rim
Vandyne,O5,Morshdine,Outer Rim
Vanik,L14,,Inner Rim
Vanjervalis,N11,,Colonies
Vanquo,O6,Meerian,Outer Rim
Varadan,L18,Senex,Mid Rim
Varl,S11,Hutt Space,Hutt Space
Varonat,K18,Javin,Outer Rim
Varristad,S15,Abrion,Outer Rim
Varvrona,K3,Obtrexta,Outer Rim
Vasch,R17,Arkanis,Outer Rim
Vasha,H16,Moddell,Outer Rim
Vassek,I17,Wazta,Outer Rim
Vaykaaris,K13,,Colonies
Vaynai,S4,Chorlian,Outer Rim
Velabri,S18,,Wild Space
Velga,L18,Juvex,Mid Rim
Velmor,P7,Halori,Mid Rim
Velusia,L9,,Core
Vena,P9,Nojic,Expansion Region
Venaari,O8,Venaarian,Mid Rim
Vendaxa,O14,Zarracina,Expansion Region
Venestria,K4,Clacis,Outer Rim
Venjagga,K9,,Colonies
Ventooine,P3,Corva,Outer Rim
Veragi,L3,Veragi,Outer Rim
Verdanth,N17,Grumani,Outer Rim
Vergesso,P18,Bajic,Outer Rim
Vergill,O9,Hapes Cluster,Inner Rim
Vernet,N14,Baroli,Expansion Region
Veron,L17,Senex,Mid Rim
Vestar,N20,Rseik,Outer Rim
Vex,H16,Moddell,Outer Rim
Vexta,J4,Carrion,Outer Rim
Vicondor,J7,Vorc,Mid Rim
Vindalia,L13,,Colonies
Vinsoth,N5,Quelii,Outer Rim
Virgillia,I18,Koradin,Outer Rim
Virujansi,O10,,Inner Rim
Vjun,Q6,Nuiri,Outer Rim
Vladet,N11,,Colonies
Vogel,M16,Var Hagen,Mid Rim
Vohai,O18,Parmel,Outer Rim
Void Station,R14,Dohlbani,Mid Rim
Voktunma,M11,,Core
Voltare,K8,,Inner Rim
Von-Alai,O8,Locris,Expansion Region
Vondarc,M16,Var Hagen,Mid Rim
Vontor,S9,Hutt Space,Hutt Space
Voon,K9,,Core
Voorsbain,L18,Senex,Mid Rim
Vor Deo,R17,Arkanis,Outer Rim
Vorsia,N9,,Inner Rim
Vortex,K7,Clythe,Mid Rim
Vorzyd,R6,Vorzyd,Outer Rim
Voss,S6,Allied Tion,Outer Rim
Vuchelle,L5,Atrivis,Outer Rim
Vulcar,L18,Juvex,Mid Rim
Vulpter,L10,,Deep Core
Vulta,N7,Trans'Vulta,Mid Rim
Vultar,L10,,Core
Vuma,M10,,Core
Vurdon Ka,M9,Darlonn,Inner Rim
Vuzsa,R16,Arkanis,Outer Rim
Vykos,L5,Relgim,Outer Rim
Wakeelmui,L9,,Colonies
Walalla,J13,Seventh Security Zone,Inner Rim
Walinor,M7,Shiwal,Mid Rim
Wann Tsir,P13,Sepan,Expansion Region
Wayland,N7,Ojoster,Outer Rim
Weerden,K9,,Core
Wetyin's Colony,Q5,Gordian Reach,Outer Rim
Whelori,K13,,Colonies
Wistril,K6,Fath,Outer Rim
Wobani,R8,Bryx,Mid Rim
Wodan,O9,Hapes Cluster,Inner Rim
Womrik,Q15,Dufilvian,Mid Rim
Woostri,M16,Woostri,Expansion Region
Worru'du,K10,,Core
Wrea,S17,Gaulus,Outer Rim
Wroona,L15,,Inner Rim
Wukkar,L10,,Core
Wyndigal,S7,Ash Worlds,Outer Rim
Xa Fel,K9,,Core
Xagobah,M18,Mayagil,Outer Rim
Xeron,M14,,Inner Rim
Xerton,J3,,Wild Space
Xo,N2,Spinward,Outer Rim
Xobome,N10,,Colonies
Xochtl,P6,Gordian Reach,Outer Rim
Xolu,S13,Hutt Space,Hutt Space
Xoman,S9,Halla,Mid Rim
Xorth,L10,,Core
Yabol Opa,M9,,Colonies
Yag'Dhul,L14,Givin Domain,Inner Rim
Yaga Minor,K5,Prefsbelt,Outer Rim
Yalara,I21,,Wild Space
Yashuvhu,F9,,Unknown Regions
Yavin,P6,Gordian Reach,Outer Rim
Yetoom,L18,Senex,Mid Rim
Yhifar,L17,Juvex,Mid Rim
Yinchorr,L8,Fellwe,Expansion Region
Yitabo,Q10,Kastolar,Mid Rim
Ylesia,T12,Hutt Space,Hutt Space
Ylix,M7,M'shinni,Mid Rim
Yn,K14,,Inner Rim
Yoribuunt,S8,Periphery,Outer Rim
Yout,L7,Qiilura,Mid Rim
Yulant,L10,,Core
Yutan,P12,Ombakond,Expansion Region
Yutusk,R5,Sertar,Outer Rim
Zadaria,O9,Hapes Cluster,Inner Rim
Zaddja,H15,Trilon,Outer Rim
Zakuul,D13,,Unknown Regions
Zalori,O9,Hapes Cluster,Inner Rim
Zaloriis,P12,Askarian,Expansion Region
Zamael,K12,,Deep Core
Zanbar,O7,Mandalore,Outer Rim
Zardossa Stix,J13,,Colonies
Zaria,L17,Juvex,Mid Rim
Zchtek,R8,Bortele,Mid Rim
Zebitrope,T8,Centrality,Outer Rim
ZeHeth,N16,Dustig,Mid Rim
Zeltros,O10,,Inner Rim
Zenox Cluster,K13,,Colonies
Zephry,K18,Anoat,Outer Rim
Zerm,T10,Kessel,Outer Rim
Zeta,K2,,Wild Space
Zhanox,K18,Anoat,Outer Rim
Zhar,P17,Cadavine,Outer Rim
Zigoola,U6,,Wild Space
Ziost,R4,Sith Worlds,Outer Rim
Zirulast,P11,Belasco,Expansion Region
Zisia,S10,Hutt Space,Hutt Space
Ziugen,T12,Hutt Space,Hutt Space
Zolan,P16,Lambda,Mid Rim
Zonama Sekot,F13,,Unknown Regions
Zonju,J21,,Wild Space
Zorbia,H16,Moddell,Outer Rim
Zygerria,S4,Chorlian,Outer Rim
Zygia,R14,Manda,Mid Rim
Zyluria,L18,Juvex,Mid Rim